test,statistic,p_value
Friedman,5.399999999999999,0.1447435794148559
